{
    "Critical": {
        "precision": 0.7692307692307693,
        "recall": 0.5769230769230769,
        "f1-score": 0.6593406593406593,
        "support": 52.0
    },
    "High": {
        "precision": 0.7857142857142857,
        "recall": 0.704,
        "f1-score": 0.7426160337552743,
        "support": 125.0
    },
    "Low": {
        "precision": 0.960880195599022,
        "recall": 0.9949367088607595,
        "f1-score": 0.9776119402985075,
        "support": 790.0
    },
    "Medium": {
        "precision": 0.8612099644128114,
        "recall": 0.8551236749116607,
        "f1-score": 0.8581560283687943,
        "support": 283.0
    },
    "accuracy": 0.9168,
    "macro avg": {
        "precision": 0.8442588037392221,
        "recall": 0.7827458651738742,
        "f1-score": 0.8094311654408088,
        "support": 1250.0
    },
    "weighted avg": {
        "precision": 0.9128256481330711,
        "recall": 0.9168,
        "f1-score": 0.9138274458954505,
        "support": 1250.0
    }
}